name,stata_value,stata_standard_error,stata_p_value,stata_ci_lower,stata_ci_upper
pared,1.047664,.2657891,0.000,.5267266,1.568601
public,-.0586828,.2978588,0.844,-.6424754,.5251098
gpa,.6157458,.2606311,0.018,.1049183,1.126573
cut1,2.203323,.7795353,,.6754621,3.731184
cut2,4.298767,.8043147,,2.72234,5.875195
